MN908947.3	210	G	T	302.236
MN908947.3	232	T	G	8.01621e-15
MN908947.3	241	C	T	672.517
MN908947.3	514	T	G	1.05112e-13
MN908947.3	544	A	C	4.43593e-14
MN908947.3	1476	T	G	1.04148e-13
MN908947.3	2712	A	C	2.01545e-13
MN908947.3	2729	A	C	0
MN908947.3	2730	A	C	0
MN908947.3	3037	C	T	23082.7
MN908947.3	3457	C	T	31651
MN908947.3	3987	C	T	10692.4
MN908947.3	4007	T	G	7.46153e-14
MN908947.3	4965	C	T	19902.6
MN908947.3	5787	C	A	9.83616e-14
MN908947.3	6091	C	A	0
MN908947.3	6102	G	T	3.49087e-13
MN908947.3	6690	C	A	1.73097e-13
MN908947.3	6695	C	A	0
MN908947.3	6696	C	A	0
MN908947.3	6701	C	A	2.85923e-13
MN908947.3	6708	A	C	1.09934e-13
MN908947.3	8480	C	A	0
MN908947.3	9430	C	A	8.6639e-14
MN908947.3	9431	G	T	0
MN908947.3	10046	G	A	0
MN908947.3	10894	C	A	2.48166e-14
MN908947.3	10999	T	A	8.09738e-14
MN908947.3	11074	CTTTTTTTTGTATGA	CTTTTTTTTTGTATGA	0
MN908947.3	11201	A	G	222123
MN908947.3	12938	G	T	2.88095e-14
MN908947.3	12940	G	T	0
MN908947.3	13824	C	A	3.51982e-14
MN908947.3	14331	T	G	0
MN908947.3	14408	C	T	4576.24
MN908947.3	16652	A	C	1.2517e-12
MN908947.3	16852	G	T	67861.7
MN908947.3	17523	G	T	49048
MN908947.3	18210	G	T	26059
MN908947.3	18493	C	A	3.12443e-13
MN908947.3	18501	C	A	6.67315e-13
MN908947.3	20069	G	T	0
MN908947.3	20077	C	A	1.69722e-13
MN908947.3	20394	T	G	0
MN908947.3	20395	AA	AG	31122
MN908947.3	20397	G	T	0
MN908947.3	20399	AAT	AAG	29935.4
MN908947.3	20416	G	T	0
MN908947.3	20719	C	A	0
MN908947.3	21846	C	T	3681.71
MN908947.3	21880	T	G	6.14154e-14
MN908947.3	21881	G	T	3.96584e-14
MN908947.3	21895	T	C	1702.59
MN908947.3	21987	G	A	87.6983
MN908947.3	22022	G	A	0
MN908947.3	22493	G	T	4.1659e-13
MN908947.3	22917	T	G	11590.1
MN908947.3	23012	G	C	24359.5
MN908947.3	23403	A	G	15461.7
MN908947.3	23604	C	G	42536.9
MN908947.3	24310	C	A	6.36456e-13
MN908947.3	24775	A	T	86243.3
MN908947.3	25201	A	C	1.13791e-13
MN908947.3	25202	T	G	0
MN908947.3	25211	T	G	2.54101e-13
MN908947.3	25469	C	T	179543
MN908947.3	25807	T	G	0
MN908947.3	25824	C	A	4.93015e-14
MN908947.3	25840	C	A	3.79706e-14
MN908947.3	26125	C	A	0
MN908947.3	26133	C	A	1.82644e-12
MN908947.3	26135	C	A	0
MN908947.3	26137	A	C	0
MN908947.3	26681	C	T	37672.4
MN908947.3	26761	T	G	3.11478e-13
MN908947.3	26767	T	G	36511
